id,created_at,text
856950731148058624,2017-04-25 19:19:10,b'RT @lucyhale: @MileyCyrus mamasita i heart you too!'
856950611358748672,2017-04-25 19:18:41,b'RT @lucyhale: \xf0\x9f\x92\x9a https://t.co/bwgcRHxg8W'
856950601455939584,2017-04-25 19:18:39,b'RT @lucyhale: Highlighter couch time w/ @Refinery29 https://t.co/DVDg6evupo'
856950580199268352,2017-04-25 19:18:34,b'RT @lucyhale: Hepburn and me. https://t.co/P7XGyjY4C2'
856950559311638529,2017-04-25 19:18:29,"b""RT @GMA: 'Hannah Montana' premiered on the @DisneyChannel on this day 11 years ago. #11yearsofHannahMontana https://t.co/4ucTCnwwh2"""
856950489975595009,2017-04-25 19:18:12,b'RT @bellathorne: When I look at you my world starts spinning \xe2\x9c\xa8'
856950475345854464,2017-04-25 19:18:09,b'RT @madisonpettis: bb girl @TorriWebster came for a visit \xf0\x9f\x8c\xbb\xf0\x9f\x92\x9b https://t.co/8Gy9F95Kiu'
856950464457441285,2017-04-25 19:18:06,"b""RT @KekePalmer: I used to think about immature things, like do you love me? Is you gon' call me like you said you would .. \xf0\x9f\xa4\x94 https://t.co/d\xe2\x80\xa6"""
856950450104520704,2017-04-25 19:18:03,b'RT @madisonpettis: Mondaze https://t.co/b3x489ShYM'
856950407159050245,2017-04-25 19:17:53,b'RT @KekePalmer: #WindUp https://t.co/xtuuwzRSa8'
856950388918034433,2017-04-25 19:17:48,b'RT @kirakosarin: Sunday fun day \xf0\x9f\x8c\x9e https://t.co/ZhXQ3Wx6AG'
856950362758139906,2017-04-25 19:17:42,"b'RT @VictoriaJustice: Just an alien whose spaceship landed in the desert, looking for a certain music festival &amp; a good time. Check my insta\xe2\x80\xa6'"
856950345657921538,2017-04-25 19:17:38,"b'RT @VictoriaJustice: Amid the rocky terrain, the alien discovers a house of mirrors. Shall she explore further? \xf0\x9f\x91\xbd\xf0\x9f\x8c\xb5\xe2\x9b\xb0 https://t.co/AbppFmVBBE'"
856950273717264384,2017-04-25 19:17:21,b'RT @1061BLI: #BLISummerJam special guest @MileyCyrus is going to be in the new #GuardiansOfTheGalaxy! Win tix to the movie with @OnAirOlivi\xe2\x80\xa6'
856950260706533376,2017-04-25 19:17:18,b'RT @mileysbae: Miley Cyrus fans are so iconic https://t.co/ANRjkstsyd'
856950242239033345,2017-04-25 19:17:13,b'RT @Zendaya: Let me stop being messy\xf0\x9f\x98\x82'
856950208726478848,2017-04-25 19:17:05,"b""RT @AcoPensal: Ok. @MileyCyrus we're waiting for you! Come back to social media!!!"""
856950171002908673,2017-04-25 19:16:56,"b""RT @KekePalmer: Don't talk to her like she famous, and don't assume cause she don't respect assumptions babe.. She just tryna connect to so\xe2\x80\xa6"""
856950130141999107,2017-04-25 19:16:47,b'RT @bellathorne: When bae visits set @JODYHiGHROLLER https://t.co/b8cw4NoiH5'
856950112731443201,2017-04-25 19:16:42,"b""RT @bellathorne: I don't hate anything in life hate is a strong word\xe2\x9c\xa8"""
856950100400250881,2017-04-25 19:16:39,b'RT @mileysfweak: literally a legend https://t.co/Y9R0AL8cdR'
856950090673651712,2017-04-25 19:16:37,"b'RT @billboard: 10. @MileyCyrus ""Wrecking Ball"" | 100 #GreatestChoruses https://t.co/pUPYerdexJ https://t.co/m3fQbOU8Ry'"
856950077482569731,2017-04-25 19:16:34,"b""RT @MikeAdamOnAir: #AvrilLavigne, #MileyCyrus, #KatyPerry &amp; #LadyGaga are the only ppl to appear TWICE on Billboard's 100 Greatest Choruses\xe2\x80\xa6"""
856950066602541058,2017-04-25 19:16:31,"b'RT @billboard: Don\'t miss Miley Cyrus voicing a robot in ""Guardians of the Galaxy Vol. 2"" https://t.co/DbXA7IacQT / via @SPIN https://t.co/\xe2\x80\xa6'"
856950049745645568,2017-04-25 19:16:27,"b""RT @papermagazine: .@MileyCyrus's cameo appearance is the only reason to go see this superhero flick: https://t.co/e2nQz0k3S0 https://t.co/\xe2\x80\xa6"""
856950038139990017,2017-04-25 19:16:25,"b""RT @MileyCyrus: those tweets in your drafts.... that's who you really are."""
856949907500003329,2017-04-25 19:15:53,b'RT @Musicnews_feed: Yes Miley! https://t.co/sxFQvOgtxH'
856949891762991104,2017-04-25 19:15:50,"b'RT @peta: Happy #WorldPenguinDay \xf0\x9f\x90\xa7\xe2\x9d\xa4\xef\xb8\x8f RT if you think penguins deserve to be free, not in captivity. https://t.co/GwkAzZiuBI'"
856949877581938691,2017-04-25 19:15:46,"b""RT @AcoPensal: Boys can wear girls' clothes. Girls can wear boys' clothes. Stop stereotypes. #WeAreAllTheSame"""
856949852634218496,2017-04-25 19:15:40,b'RT @KekePalmer: Robbins made. #muddville https://t.co/Byvbgb9Uva'
856561891510018048,2017-04-24 17:34:03,"b""RT @ColeLedford11: Homophobia has no place in our schools or anywhere else. I'm proud to support @GLSEN's #DayofSilence and LGBTQ+ youth to\xe2\x80\xa6"""
856561839848779776,2017-04-24 17:33:51,"b""RT @AcoPensal: if you're a boy &amp; love a girl,if you're a boy &amp; love a boy,if you're a girl &amp; love a boy,if you're a girl &amp; love a girl,it's\xe2\x80\xa6"""
856550655158124545,2017-04-24 16:49:24,"b""RT @lucyhale: New York, you're always so fun \xf0\x9f\x99\x8f\xf0\x9f\x8f\xbc until next time ... https://t.co/uGZkDlBjTm"""
856550629552132102,2017-04-24 16:49:18,b'RT @troyesivan: A dream come true \xf0\x9f\x98\xb3\xe2\x9d\xa4\xef\xb8\x8f https://t.co/zwJaV7Hwuj'
856550618940551168,2017-04-24 16:49:16,b'RT @troyesivan: \xf0\x9f\xa4\x94\xf0\x9f\x91\x80 https://t.co/VkqTWmGLzQ'
856550605841682432,2017-04-24 16:49:13,"b'RT @troyesivan: Just know that when I get a hair cut, spray tan, and my nails done, some shits about to go down'"
856550597687955458,2017-04-24 16:49:11,"b""RT @troyesivan: I'm not at coachella but just know that if I was I would stunt w a crop top"""
856550554989985792,2017-04-24 16:49:00,b'RT @glaad: We\xe2\x80\x99ve teamed up with @TFN @HRC @EqualityTexas @ACLUTx &amp; @TransTexas to protect LGBTQ Texans. Add your name to help! https://t.co\xe2\x80\xa6'
856318073023889408,2017-04-24 01:25:12,b'RT @AcoPensal: i. love. this. picture. \xe2\x9d\xa4\xef\xb8\x8f. https://t.co/W1PRw68sPi'
856318021526315010,2017-04-24 01:25:00,b'RT @FamousInLoveTV: .@BellaThorne is heating UP the #FreeformUpfront red carpet. \xf0\x9f\x92\xa5 #PrettyFamousTuesday #FamousInLove https://t.co/1TZvobgp\xe2\x80\xa6'
856317932145659904,2017-04-24 01:24:39,"b'RT @iHeartRadio: ""It\'s our party we can say what we want"" - Miley Cyrus #Happy420 https://t.co/fwGD8fMn8H https://t.co/Z8QiedkZMS'"
856317919076265985,2017-04-24 01:24:36,b'RT @HuffPostEnt: Miley Cyrus is apparently secretly in #GotGVol2 https://t.co/f639LdVkIq https://t.co/dyiAXOrSKA'
856317824394031105,2017-04-24 01:24:13,"b""RT @Maverick: It's #RecordStoreDay! There's a limited edition vinyl of @MileyCyrus' \xe2\x80\x9cBangerz\xe2\x80\x9d pressed on double hot pink vinyl! \xf0\x9f\x91\x89 https://t\xe2\x80\xa6"""
856317814281515010,2017-04-24 01:24:11,"b""RT @enews: Miley Cyrus can't stop, won't stop surprising us...so it turns out she's in Guardians of the Galaxy 2: https://t.co/l2rA34Ks8w h\xe2\x80\xa6"""
856317792064335872,2017-04-24 01:24:05,"b'RT @BuzzFeed: Not only is Miley Cyrus is Marvel\xe2\x80\x99s next movie, but she may be coming back for another one https://t.co/9M87mbVvkj https://t.\xe2\x80\xa6'"
855602832162082816,2017-04-22 02:03:06,"b""RT @bellathorne: No one could be the new Miley cuz she's queen \xe2\x9c\xa8\xf0\x9f\x98\x8d\xf0\x9f\x92\x8d https://t.co/NEe3JINCxR"""
855271880298602497,2017-04-21 04:08:01,"b""Miley Cyrus should host this year's VMAs"""
855269378064916480,2017-04-21 03:58:04,b'RT @StylishCyrus: 4/20 looks @MileyCyrus https://t.co/9sjbWmkPwk'
855269312033992704,2017-04-21 03:57:48,b'RT @StylishCyrus: TBT to the time when @MileyCyrus passed a blunt around to reporters in the press room at The VMAs in 2015 after hosting t\xe2\x80\xa6'
855269223341346817,2017-04-21 03:57:27,b'RT @AcoPensal: i love animals more than people'
855264107645333504,2017-04-21 03:37:07,"b""RT @AcoPensal: @Zendaya is watching @bellathorne's new TV show @FamousInLoveTV \xf0\x9f\x99\x8c\xf0\x9f\x99\x8c\xf0\x9f\x99\x8c Looks like she is so proud of her \xe2\x9d\xa4\xef\xb8\x8f #FriendshipGoals #F\xe2\x80\xa6"""
855264072853594112,2017-04-21 03:36:59,b'RT @Raine4ver: Never stop retweeting... https://t.co/JjiOLjAArx'
855264029987811328,2017-04-21 03:36:49,"b""RT @Zendaya: When someone you don't like starts liking something that you just started liking, so now you can't like it anymore...hate that."""
855264024912687105,2017-04-21 03:36:48,b'RT @AcoPensal: RT if you heart radio \xe2\x9d\xa4\xef\xb8\x8f @iHeartRadio'
855263834239623168,2017-04-21 03:36:02,b'@MileyCyrus where you at \xf0\x9f\x99\x88'
854782361065717760,2017-04-19 19:42:50,b'RT @marshmellomusic: This @justinbieber remix of despacito is unreal.'
854773293710274560,2017-04-19 19:06:48,b'RT @shaymitch: NYC https://t.co/e1t1TMrGvZ'
854747810947837952,2017-04-19 17:25:33,b'RT @MileyCyrus: https://t.co/JXK2yf61dn'
854747801368055809,2017-04-19 17:25:30,"b'RT @MileyCyrus: Honored to narrate this video from @ET_AIDS_FDN highlighting the powerful activism of my hero, @ElizabethTaylor! #ETAF http\xe2\x80\xa6'"
854535228265820160,2017-04-19 03:20:49,"b""RT @Bkstg: Upload your reactions listening to #DespacitoRemix in @justinbieber's Bkstg \xf0\x9f\x98\xb5 https://t.co/9Eabb4DVeC https://t.co/2L2KjVr3hC"""
854535006605246464,2017-04-19 03:19:56,b'RT @lelepons: #DespacitoRemix is my new obsession!!! https://t.co/IwkUjcgpVF @justinbieber @scooterbraun @YeshuaTheGudwin @LuisFonsi'
854425664769884160,2017-04-18 20:05:27,b'RT @justinbieber: #DespacitoRemix https://t.co/i8a2T9Euhb'
854425637863522304,2017-04-18 20:05:21,b'RT @justinbieber: #DespacitoRemix https://t.co/ROULx0zv9X'
854425626207551488,2017-04-18 20:05:18,b'RT @justinbieber: https://t.co/Z43Zkq0jF5'
854425581550800896,2017-04-18 20:05:07,b'RT @bellathorne: When you never wear skirts\xf0\x9f\x99\x83\xf0\x9f\x98\xae https://t.co/yZQRvoOdBf'
854373412122374145,2017-04-18 16:37:49,b'RT @godmusick: According to some insider on the next album of Maroon 5 there will be a collaboration with Miley Cyrus https://t.co/V8uGUIUh\xe2\x80\xa6'
854373403372945408,2017-04-18 16:37:47,b'RT @MaxxSIO: the climb by miley cyrus is one of the best pop songs ever written do not @ me'
854373285689270273,2017-04-18 16:37:19,"b""RT @AcoPensal: .@bellathorne is comin w the premiere of her new TV show called @FamousInLoveTV TONIGHT at 9/8c. RT if you're gonna watch it\xe2\x80\xa6"""
853969468074209281,2017-04-17 13:52:41,b'RT @bellathorne: Easter is here \xf0\x9f\x92\x99 https://t.co/5axnh2aGbb'
853969455008948225,2017-04-17 13:52:38,b'RT @justinbieber: Despacito (Remix) [feat. Justin Bieber] - Single by Luis Fonsi &amp; Daddy Yankee\nhttps://t.co/itfUuQyJzx'
853969445278167040,2017-04-17 13:52:36,b'RT @justinbieber: Remix https://t.co/RZazHB94F8'
853969436101013504,2017-04-17 13:52:34,b'RT @VictoriaJustice: \xf0\x9f\x8c\xb5\xf0\x9f\x8c\x9e\xf0\x9f\x8c\xb8\xf0\x9f\x8c\xba\xf0\x9f\x8c\xbc\xf0\x9f\x92\x9d #CoachellaDay2 https://t.co/EMldeYglwK'
853969423413239808,2017-04-17 13:52:31,b'RT @VictoriaJustice: Thanks for a good time today @popsugar! #CoachellaDay2 https://t.co/Dh9mOrPVfA'
853969413514645507,2017-04-17 13:52:28,b'RT @VictoriaJustice: The Big Comfy Couchella \xf0\x9f\x98\x9c https://t.co/yQbP0NKCaX'
853969403188215817,2017-04-17 13:52:26,b'RT @ashleytisdale: Happy Easter \xf0\x9f\x90\xb0\xf0\x9f\x90\xb0\xf0\x9f\x90\xb0'
853969395932155909,2017-04-17 13:52:24,b'RT @madisonpettis: Perfect weather + ice cold lemonade + my fave shorts = bliss \xf0\x9f\x99\x8c\xf0\x9f\x8f\xbc\xf0\x9f\x8d\x8b #HCoStyleScene #HCoPartner https://t.co/2wK7rjnx4q'
853969378689376258,2017-04-17 13:52:20,b'RT @billyraycyrus: Happy Easter everyone! God bless you.'
853969359580135426,2017-04-17 13:52:15,b'RT @aligutyedits: Coming son.. #CarpoolKaraoke \xf0\x9f\x8e\x99\xe2\x80\xbc\xef\xb8\x8f@mileycyrus @noahcyrus @brandicyrus @Braisoncyrus @tracecyrus @billyraycyrus @tishcyrus \xf0\x9f\x99\x8f\xe2\x80\xa6'
853969331859927040,2017-04-17 13:52:09,b'RT @AcoPensal: Go get #DespacitoRemix by @LuisFonsi ft. @justinbieber here - https://t.co/iX0WGkykLK RT!'
853964811075547140,2017-04-17 13:34:11,"b""RT @AcoPensal: I can't wait for @MileyCyrus to be back on: \n\n-Music \n-Twitter\n-Instagram\n-Facebook\n\n\xf0\x9f\x99\x8f\xf0\x9f\x99\x8f\xf0\x9f\x99\x8f\xf0\x9f\x99\x8f\n\n#MileyIsComing"""
853964385366224896,2017-04-17 13:32:30,b'RT @MCyrusVocals: Miley Cyrus- Silent Night (Live) https://t.co/LOcjL5Fg8H'
853825498551549952,2017-04-17 04:20:36,b'RT @StylishCyrus: Miley told a fan that she visited at the hospital to chant this to herself \xe2\x9d\xa4\xef\xb8\x8f Love this! https://t.co/0WNWmpTQmI'
853825307354300416,2017-04-17 04:19:51,b'RT @laureneileeen: Happy Easter! \xf0\x9f\x90\xa3\xf0\x9f\x90\xb0\xf0\x9f\x8c\xb7 https://t.co/cgsywtCIzM'
853466821013516288,2017-04-16 04:35:21,"b""RT @AcoPensal: If you don't like gay marriage, blame straight people. They're the ones who keep having gay babies \xf0\x9f\x8c\x88"""
853466351331139584,2017-04-16 04:33:29,b'RT @MileyCyrus: @tastedcyrus oh..... its me honey \xf0\x9f\x92\x90\xf0\x9f\x8c\xba\xf0\x9f\x8c\xb7\xf0\x9f\x8c\xbb https://t.co/5K8fWmir5f'
853466154043678720,2017-04-16 04:32:42,"b'RT @MileyCyrus: my ""Fiance"" jeans. but for real though. http://t.co/yqPHlBz1'"
853465971327213569,2017-04-16 04:31:58,b'RT @VanessaHudgens: Found my throne \xf0\x9f\x98\x8d\xf0\x9f\x98\x9d https://t.co/gG5fmaBKZh'
853465967640399872,2017-04-16 04:31:57,"b""RT @VanessaHudgens: We've arrived! \xf0\x9f\x8c\xb5\xf0\x9f\x8c\xb4\xf0\x9f\x8c\x9e Thank you .@lemeridienhotels  #MarriottXCoachella #BrandPartner https://t.co/hpnYooYVmL"""
853465944328425472,2017-04-16 04:31:52,"b""RT @VanessaHudgens: I've owned this top for years and it always makes me so happy when I wear it \xf0\x9f\x98\x9d\xf0\x9f\x98\x9d #vintage https://t.co/MHSXmGtWqK"""
853454857885372417,2017-04-16 03:47:49,b'RT @ArianaGrande: grateful'
853454847714238464,2017-04-16 03:47:46,"b""RT @kirakosarin: Reminder that you don't have to be LGTBTQIA+, PoC, or a part of any minority group to recognize the importance of equality\xe2\x80\xa6"""
853454807591510016,2017-04-16 03:47:37,b'RT @KalamaEpstein: #loveislove'
853454795050536960,2017-04-16 03:47:34,"b""RT @AcoPensal: .@ddlovato's key to #selflove is simple: Avoid numbers, cause keeping tabs on them isn't worth sacrificing your happiness \xf0\x9f\x91\x8f"""
853379546288201729,2017-04-15 22:48:33,"b""RT @CarpoolKaraoke: It's a party in the carpool lane! \xf0\x9f\x9a\x97\xf0\x9f\x8e\xa4\xf0\x9f\x8e\xb6\xf0\x9f\x8e\x89\n\n#CarpoolKaraoke w/ @billyraycyrus @MileyCyrus @noahcyrus &amp; the whole fam coming\xe2\x80\xa6"""
853379156540878848,2017-04-15 22:47:00,b'RT @MTV: #TBT to bb @VanessaHudgens &amp; @MileyCyrus \xf0\x9f\x92\x97 https://t.co/jRoK9IIOkO'
853378923186589696,2017-04-15 22:46:04,b'RT @iamAliCaldwell: The day my life was shared with the world \xf0\x9f\x8c\x8e and changed for the better! So much #Love to my M @MileyCyrus \xf0\x9f\x8c\xba\xf0\x9f\x8c\xbb Views Now\xe2\x80\xa6'
853294536654827520,2017-04-15 17:10:45,b'RT @mrjoezee: #tbt to one of my fave pics I styled of @MileyCyrus inspired by classic @Madonna of... https://t.co/HSyclndUsy https://t.co/i\xe2\x80\xa6'
852655897776148480,2017-04-13 22:53:02,"b""@AcoPensal @bellathorne Preach it \xf0\x9f\x91\x8f @bellathorne you're gonna kill it \xf0\x9f\x98\xbb\xf0\x9f\x98\xbb"""
852655127647453186,2017-04-13 22:49:58,"b'RT @Complex: This video of @MileyCyrus and @ArianaGrande covering ""Don\'t Dream It\'s Over"" is incredible: http://t.co/oKCO9AGDgR http://t.co\xe2\x80\xa6'"
852655127630688256,2017-04-13 22:49:58,"b'RT @MACcosmetics: This just in! To-date, @MACAIDSFund has raised $400mill thru #VIVAGLAM \xf0\x9f\x92\x84 sales! Tx 4 ur \xf0\x9f\x92\x8b @MileyCyrus #WorldAIDSDay https\xe2\x80\xa6'"
852655127550939136,2017-04-13 22:49:58,b'RT @Zendaya: Me actively trying to stay positive\xf0\x9f\xa4\x97 https://t.co/OxKoFOwt7L'
852655127542607874,2017-04-13 22:49:58,b'RT @TheEllenShow: Thanks @MileyCyrus for playing this with me. You are a #HappyHippie. https://t.co/3PO07Aoi9i'
852655127542603778,2017-04-13 22:49:58,"b'RT @i_D: As she pushes for LGBT, homelessness and feminist rights, is it time we rethink @MileyCyrus? http://t.co/UAbETskaS6 http://t.co/5H\xe2\x80\xa6'"
852654833110839296,2017-04-13 22:48:48,b'RT @ArianaGrande: Learn about @happyhippiefdn\xe2\x80\x99s mission to rally youth to fight injustice \xf0\x9f\x92\x9c\xf0\x9f\x92\x9c #dontdreamitsover http://t.co/bRopzmQNkT @mile\xe2\x80\xa6'
852654820221693958,2017-04-13 22:48:45,b'RT @ArianaGrande: i am so proud of my friends. @mileycyrus @tywrent #happyhippiepresents #instapride https://t.co/1QrW1kndWT'
852654099497705472,2017-04-13 22:45:53,b'RT @bellathorne: #famousinlove 6 days people!!! @FamousInLoveTV https://t.co/YTQyu3UyZv'
852654091134283777,2017-04-13 22:45:51,b'RT @ashleytisdale: @colesprouse badass'
852654085136371717,2017-04-13 22:45:50,"b""RT @colesprouse: When the doctor asks me how long I've been smoking I just give em this pic https://t.co/Hqe25c3y7d"""
852653961396056064,2017-04-13 22:45:20,"b""RT @AcoPensal: Yo I fuckin can't wait fo @bellathorne's music to come out!!! She's an amazing actress &amp; I bet she's gonna be fuckin succesf\xe2\x80\xa6"""
852653950822207488,2017-04-13 22:45:18,b'RT @HRC: Join @HRC in urging @WhiteHouse to take immediate action to stop the murder &amp; detention of #LGBTQ people in #Russia https://t.co/K\xe2\x80\xa6'
852278040709267461,2017-04-12 21:51:34,"b""RT @mileysbae: The Climb by Miley Cyrus is without a doubt one of the greatest songs ever released. I can't believe it's been 8 years since\xe2\x80\xa6"""
852277992298618880,2017-04-12 21:51:22,"b""RT @peta: BREAKING: Canada's commercial seal slaughter has begun, 1000s will die. RT if you want PM @JustinTrudeau to end it! https://t.co/\xe2\x80\xa6"""
852277960614699008,2017-04-12 21:51:15,b'RT @KekePalmer: keke x @mishameghna https://t.co/3CJ5xyXzgM'
852277910018904064,2017-04-12 21:51:02,"b""RT @AcoPensal: Repeat after me: I'm more than my body size. I'm more than my skin color. I'm more than my sexuality. I'm more than my gende\xe2\x80\xa6"""
852277243749572612,2017-04-12 21:48:24,b'MC &amp; Her Dead Petz on repeat \xe2\x9d\xa4\xef\xb8\x8f'
852242441973485568,2017-04-12 19:30:06,"b'RT @AcoPensal: ""I was just a puppet. I wasn\'t allowed to make my own decisions or think for myself in any way."" - @bellathorne on Disney Ch\xe2\x80\xa6'"
852241958156341249,2017-04-12 19:28:11,b'RT @ArianaGrande: I love you so much'
852198375630016514,2017-04-12 16:35:00,"b""RT @1061BLI: #SQUAD for #BLISUMMERJAM!! Can't wait to see my #BAE #MileyCyrus https://t.co/oHXvBXZbNi @MILEYCYRUS @rondeezy35 https://t.co/\xe2\x80\xa6"""
852198339525439490,2017-04-12 16:34:51,b'RT @ddlovato: about what people think about my body. I am more than a number and a jean size. Fuck yeah!'
852198331308756993,2017-04-12 16:34:49,"b""RT @ddlovato: Sometimes when I'm having bad body image issue days, I remind myself that I'd rather live in freedom from my eating disorder\xe2\x80\xa6"""
852198321544462336,2017-04-12 16:34:47,b'RT @ddlovato: Look in the mirror and tell yourself how beautiful you are as many times as you need to until you believe it. \xf0\x9f\x92\x97 #selflove'
852198315416596480,2017-04-12 16:34:46,b'RT @ddlovato: Shooting a music video today.......  #NoPromises \xf0\x9f\x98\x8f'
852198267324706816,2017-04-12 16:34:34,b'RT @AcoPensal: @bellathorne appreciation tweet \xf0\x9f\x98\xbb #BellaForHarpersBazaar https://t.co/yJDMtYJydy'
852196717625835520,2017-04-12 16:28:25,"b'RT @AcoPensal: ""I want to use social media to spread goodness."" - @bellathorne for @harpersbazaarus https://t.co/BSHYvEFyZH'"
852196703243522049,2017-04-12 16:28:21,b'RT @bellathorne: Hi baby @harpersbazaarus https://t.co/pR8Dhbz73K'
852196692229332993,2017-04-12 16:28:19,"b'RT @harpersbazaarus: ""I\'ve lied my whole life about who I am and who I\'m trying to be, so now, I like to keep it real."" \xe2\x80\x94@bellathorne https\xe2\x80\xa6'"
852172467577769985,2017-04-12 14:52:03,"b""RT @MyFabulousMiley: Added: Miley will be performing at @Kiss108's 2017 Kiss Concert on Saturday on June 17th. https://t.co/AZkDIvt11p"""
852171074703953921,2017-04-12 14:46:31,"b""RT @AcoPensal: Makes sick when haters leak celebrities' photos. Do me a favor why don't you post your own naked pics and leave them the fuc\xe2\x80\xa6"""
852169001119739906,2017-04-12 14:38:17,b'RT @MileyCyrusDose: She looked adorable! https://t.co/RTTnLs7NAa'
852168982497038337,2017-04-12 14:38:12,b'RT @1035KTU: #Smilers are you ready for this?! \xf0\x9f\x91\x8f\xf0\x9f\x94\xa5#KTUphoria tkts on-sale now!!! https://t.co/PbEuHiiYbA https://t.co/SqCXGLkWmO'
852168965942108161,2017-04-12 14:38:08,b'RT @OnAirWithRyan: BREAKING #WANGOTANGO LINEUP NEWS \xf0\x9f\x92\x83 See ya there @MileyCyrus \xf0\x9f\x98\x89\xf0\x9f\x99\x8c https://t.co/7rpLVnQ4BG'
852168951215927297,2017-04-12 14:38:05,"b""RT @AcoPensal: According 2 @iHeartRadio some @MileyCyrus' nude photos 've been leaked, please join me &amp; tweet #RespectMileysPrivacy. RT to\xe2\x80\xa6"""
852155826978639873,2017-04-12 13:45:56,b'RT @AcoPensal: Roses are red \nViolets are blue\nMiley Cyrus is coming\nAnd Smilers are like https://t.co/pVmNHVUH1L'
852155752533962753,2017-04-12 13:45:38,"b""RT @bellathorne: Just cry till it's dried up. Then you can smile."""
852155721550622721,2017-04-12 13:45:30,"b""RT @PopCrave: 'Miley Cyrus &amp; Her Dead Petz' which was released for free in 2015 will be available on iTunes, Apple Music &amp; Spotify at midni\xe2\x80\xa6"""
852155704374960128,2017-04-12 13:45:26,b'RT @MileyCyrus: @JohnMayer dude fuck yeah!!!!'
852155663077826560,2017-04-12 13:45:17,b'RT @JohnMayer: Okay. I\xe2\x80\x99ll stop tweeting about it now. Comes down to this: This is a masterwork of whack genius. #whackgenius'
852155653024083970,2017-04-12 13:45:14,b'RT @JohnMayer: \xe2\x80\x9cSelf control/ is /not something I\xe2\x80\x99m working on\xe2\x80\x9d sung heroically and melodically. Come. On.'
852155610703515648,2017-04-12 13:45:04,b'RT @JohnMayer: This is why I love music. You can be one artist one year and the next discover some crazy light inside yourself and shine it\xe2\x80\xa6'
852155593825669120,2017-04-12 13:45:00,b'RT @JohnMayer: This Miley album is amazing. You can\xe2\x80\x99t try to make something like this. You just tap the vein and don\xe2\x80\x99t question a single in\xe2\x80\xa6'
852155557607874560,2017-04-12 13:44:51,b'RT @MileyCyrus: https://t.co/FpV7IVYoh3'
852155547797389312,2017-04-12 13:44:49,b'RT @MileyCyrus: Team Adam ! \xe2\x9d\xa4\xef\xb8\x8f\xf0\x9f\x92\x9a\xf0\x9f\x92\x9b\xf0\x9f\x92\x99\xf0\x9f\x92\x9c @BillyGilman @joshgallmusic https://t.co/ljqjMYCsTL'
852155537760415746,2017-04-12 13:44:47,b'RT @MileyCyrus: Love my big sis @aliciakeys &amp; her LIL Lil sis @we_mcdonald ! https://t.co/W0O6KLWK4b'
852155511168479233,2017-04-12 13:44:40,b'RT @MileyCyrus: Mammie thanks you for saving @aarondgibson ! Love u! #voicetop8 https://t.co/qCE5gnu7lo'
852155506164715520,2017-04-12 13:44:39,b'RT @MileyCyrus: urdhva dhanurasana !!!! yippie! twas a gift from z supermoon \xf0\x9f\x8c\x99\xf0\x9f\x8c\x9d\xf0\x9f\x8c\x95 https://t.co/FbzC6dsXpF'
852155277831012352,2017-04-12 13:43:45,b'RT @MileyCyrus: Big sis is Z best! I love @aliciakeys !!! \xf0\x9f\x92\x9a\xf0\x9f\x92\x9a\xf0\x9f\x92\x9a\xf0\x9f\x92\x9a https://t.co/37U7j994bu'
852155261385048065,2017-04-12 13:43:41,b'RT @MileyCyrus: Best bday evaaaaaa!!!!!!! Thank you my loooooove \xe2\x9d\xa4\xef\xb8\x8f\xf0\x9f\x92\x99\xf0\x9f\x92\x9c\xf0\x9f\x92\x9b\xf0\x9f\x92\x9a https://t.co/GQw20xQd83'
852155231731372033,2017-04-12 13:43:34,"b""RT @NBCTheVoice: She's got her eyes on the prize. #TheVoice https://t.co/N7l3WRj4A2"""
852155223690883073,2017-04-12 13:43:32,b'RT @MTV: \xf0\x9f\x92\xab @MileyCyrus is turning her election tears into action: https://t.co/vBxS44oFhq https://t.co/LmrVaiLSYN'
852155214044028928,2017-04-12 13:43:29,"b""RT @vmagazine: Feeling outraged? Channel it into action and join @MileyCyrus's #HopefulHippies movement: https://t.co/i8p38njUms https://t.\xe2\x80\xa6"""
852155204552228866,2017-04-12 13:43:27,b'RT @PopCrush: .@MileyCyrus has vowed to turn her election tears into action \xe2\x80\x94 she just launched the new #HopefulHippies: https://t.co/q2KLn\xe2\x80\xa6'
852155193613484033,2017-04-12 13:43:25,b'RT @billboard: Miley Cyrus dries her tears &amp; announces #HopefulHippies campaign https://t.co/lcqZVdrm4I https://t.co/HBjAUNVuse'
852155169517318145,2017-04-12 13:43:19,b'RT @MileyCyrus: Launched Hopeful Hippies to act on issues we care about! I pledge 2 support education w @DonorsChoose! Share ur pledge usin\xe2\x80\xa6'
852155158322704385,2017-04-12 13:43:16,"b""RT @MileyCyrus: We're going LIVE in 10!! Download #thevoice app and follow on twitter to vote \xe2\x9d\xa4\xef\xb8\x8f\xf0\x9f\x92\x9b\xf0\x9f\x92\x9a\xf0\x9f\x92\x9c\xf0\x9f\x92\x99 #teammiley #voiceplayoffs #specialeven\xe2\x80\xa6"""
852155149690777601,2017-04-12 13:43:14,b'RT @MileyCyrus: Happy Hallo-Bean! \xf0\x9f\x8e\x83 https://t.co/03Nj0E6vjb'
852155140899524608,2017-04-12 13:43:12,b'RT @MileyCyrus: Go to https://t.co/n251ba7CiW to see pics from my trip to DC campaigning for @HillaryClinton &amp; honoring Bill Murray at the\xe2\x80\xa6'
852155123992342528,2017-04-12 13:43:08,b'RT @MileyCyrus: west coast!! the #voicepremiere starts now!! @NBCtheVoice https://t.co/BZ4SBuHwFH'
852155111505891328,2017-04-12 13:43:05,"b'RT @FallonTonight: .@MileyCyrus performs ""Baby, I\'m in the Mood for You"" with @theroots! #MileyOnFallon https://t.co/Ldg0M31m5v https://t.c\xe2\x80\xa6'"
852155103368839169,2017-04-12 13:43:03,b'RT @MileyCyrus: yasssss @blakeshelton #thevoice #season11 https://t.co/ZcTFGNbiVA'
852155094313422848,2017-04-12 13:43:01,b'RT @MileyCyrus: Da #bbtalk video izzzz out nowwwww!!! https://t.co/2LI0NxhPq8 https://t.co/maYxBU68dE'
852155080983883777,2017-04-12 13:42:58,b'RT @MileyCyrus: #BBTalk premieres fridayyyyyyy night at 7/6c on @MTV \xf0\x9f\x8d\xbc\xf0\x9f\x8d\xbc\xf0\x9f\x8d\xbc https://t.co/A0yARjCMaG'
852153382399770624,2017-04-12 13:36:13,b'RT @MileyCyrus: Repost! @mtv 7/6c premier of my neewwwwwwww video for #bbtalk !!!!!! https://t.co/BNymVNidnF https://t.co/Tks1q6YOcK'
852153371364655104,2017-04-12 13:36:10,"b""RT @MTV: .@MileyCyrus' #BBTalk vid premieres TONIGHT at 7/6c on MTV. Follow us on Insta for BTS pics: https://t.co/WAtHRtKzTi https://t.co/\xe2\x80\xa6"""
852153344412012545,2017-04-12 13:36:04,"b""RT @MACcosmetics: It\xe2\x80\x99s here! @MileyCyrus's 2nd #VIVAGLAM is online now in NA, globally this month! Shop now: http://t.co/731qlvKDg5 http://\xe2\x80\xa6"""
852153334249263104,2017-04-12 13:36:01,b'RT @MileyCyrus: #karendontbesad #mileyonsnl #mileycyrusandherdeadpetz #weregoingontour go 2 http://t.co/d8MQdEUpkb 4 dates!!!! http://t.co/\xe2\x80\xa6'
852153306210340867,2017-04-12 13:35:55,b'RT @Zendaya: \xf0\x9f\x8c\x8e\xe2\x9d\xa4\xef\xb8\x8f'
852153298631217152,2017-04-12 13:35:53,b'RT @Zendaya: Every. Single. Day.'
852153275948388352,2017-04-12 13:35:47,"b""RT @Zendaya: Whether you agree or disagree, sometimes it's simply the dialogue that's necessary."""
851884946327310339,2017-04-11 19:49:33,b'RT @AcoPensal: FUCK YES \xe2\x9d\xa4\xef\xb8\x8f\xf0\x9f\x92\x9b\xf0\x9f\x92\x9a\xf0\x9f\x92\x99\xf0\x9f\x92\x9c https://t.co/nvuRswb232'
851832545180299264,2017-04-11 16:21:19,b'RT @MileyCyrus: \xf0\x9f\x8e\xb8\xf0\x9f\x8e\xb8\xf0\x9f\x8e\xb8 #camprock http://t.co/uKlgRdQukG'
851832531783745536,2017-04-11 16:21:16,b'RT @MileyCyrus: Teleporting to the acoustic stage \xf0\x9f\x91\xbd \xf0\x9f\x91\x85\xf0\x9f\x9a\x80\xe2\x9d\xa4\xef\xb8\x8f #bangerztour http://t.co/QISlJMcNur'
851832522245890049,2017-04-11 16:21:14,b'RT @MileyCyrus: As long as my bitches love me #bangerztour http://t.co/qXz143nODp'
851832500041244672,2017-04-11 16:21:08,b'RT @MileyCyrus: Round &amp; Round &amp; AWAY WE GO \xf0\x9f\x90\xb4\xe2\x9d\xa4\xef\xb8\x8f\xf0\x9f\x91\x85 http://t.co/Z6GNa0LwPP'
851832472711168001,2017-04-11 16:21:02,"b""RT @MileyCyrus: You can't say I didn't warn you. Now sit back relax &amp; enjoy the show. #bangerztour http://t.co/680jp9Etti"""
851832460925181952,2017-04-11 16:20:59,b'RT @MileyCyrus: #Shhhhitzawig \xf0\x9f\x91\xb8 http://t.co/rUoigJKDlC'
851832438334664704,2017-04-11 16:20:54,b'RT @MileyCyrus: #modelsontheirdayoff \xe2\x9d\xa4\xef\xb8\x8f\xf0\x9f\x91\x85\xf0\x9f\x92\x8b\xf0\x9f\x98\xbb http://t.co/WyT0XYgF4G'
851832429023252481,2017-04-11 16:20:52,b'RT @MileyCyrus: That shizzzz got up in my brainnnnnnn. Had me a lil but dizzzzmoooooo #bangerztour \xf0\x9f\x91\x85\xe2\x9d\xa4\xef\xb8\x8f\xf0\x9f\x92\x8b\xf0\x9f\x92\x8e http://t.co/D5wmrUMHSG'
851832414884306944,2017-04-11 16:20:48,b'RT @MileyCyrus: #bangerztour rehearsal \xe2\x9d\xa4\xef\xb8\x8f up &amp; at em with Mary Jane \xe2\x9d\xa4\xef\xb8\x8f http://t.co/Pb7aCnmmss'
851832404704735233,2017-04-11 16:20:46,b'RT @MileyCyrus: Jacobs by Marc by Marc Jacobs \xf0\x9f\x8c\x88 http://t.co/1wAdfpQoWV'
851832393564606464,2017-04-11 16:20:43,b'RT @MileyCyrus: Trying to get to you Boston!!!!!!!!!!!! \xe2\x9d\x84\xef\xb8\x8f\xe2\x9d\x84\xef\xb8\x8f\xe2\x9d\x84\xef\xb8\x8f\xe2\x9d\x84\xef\xb8\x8f\xe2\x9d\x84\xef\xb8\x8f\xe2\x9d\x84\xef\xb8\x8f\xe2\x9d\x84\xef\xb8\x8f\xe2\x9d\x84\xef\xb8\x8f\xe2\x9d\x84\xef\xb8\x8f\xe2\x9d\x84\xef\xb8\x8f\xe2\x9d\x84\xef\xb8\x8f\xe2\x9d\x84\xef\xb8\x8f\xe2\x9d\x84\xef\xb8\x8f\xe2\x9d\x84\xef\xb8\x8f\xe2\x9d\x84\xef\xb8\x8f\xe2\x9d\x84\xef\xb8\x8f http://t.co/a8mYR1RwxW'
851832382558793730,2017-04-11 16:20:40,b'RT @MileyCyrus: Slutty Santa is ready \xf0\x9f\x8e\x85\xe2\x9d\x84\xef\xb8\x8f\xf0\x9f\x8e\x85@cheynethomas http://t.co/3VNDV6t1Lh'
851832371972362241,2017-04-11 16:20:38,b'RT @MileyCyrus: Soooooo close to birrrrfdayyyyy time \xf0\x9f\x98\x81thank you @marcjacobsintl for my early bday pressie \xe2\x9d\xa4\xef\xb8\x8f\xe2\x9d\xa4\xef\xb8\x8f\xe2\x9d\xa4\xef\xb8\x8f http://t.co/SNKeIeKs6v'
851832359590690817,2017-04-11 16:20:35,b'RT @MileyCyrus: withhhh @RealDenikaB \xf0\x9f\x91\xbd\xf0\x9f\x91\xbd\xf0\x9f\x91\xbd http://t.co/7Za2eNZC4K'
851832351445454848,2017-04-11 16:20:33,b'RT @MileyCyrus: Bored playing with wigzzz \xf0\x9f\x91\xbd http://t.co/E81ez5ulQS'
851832339449753601,2017-04-11 16:20:30,b'RT @MileyCyrus: Still just as beautiful. @thekatvond look who left the house today :) happy birthday Mammie \xf0\x9f\x92\x8b http://t.co/veRprTNUDU'
851832321691058176,2017-04-11 16:20:26,b'RT @MileyCyrus: FLOYDYYYYY!!!!!! http://t.co/WvmE18UekV'
851832230385209345,2017-04-11 16:20:04,b'RT @MileyCyrus: @CHANEL this makes me toooooo happy http://t.co/gusCKUmQkF'
851832185476788224,2017-04-11 16:19:53,b'RT @MileyCyrus: @CHANEL @ITSJEREMYSCOTT @CalvinKlein what a cocktail \xf0\x9f\x92\x8b http://t.co/3BnpTGKF1q'
851832036843294724,2017-04-11 16:19:18,b'RT @MileyCyrus: &amp;&amp;&amp; @ITSJEREMYSCOTT thanks for da pressies #adultssuckthenyouareone http://t.co/9pEjfe0TTq'
851832007885807616,2017-04-11 16:19:11,"b'RT @MileyCyrus: ""Who told you it was ok to go out of the house like that?!?!"" @CalvinKlein \xf0\x9f\x92\x8b I lurvvvvvv this \xf0\x9f\x92\x8b\xf0\x9f\x92\x8b\xf0\x9f\x92\x8b http://t.co/xFG0fkZYPR'"
851831998196928513,2017-04-11 16:19:09,b'RT @MileyCyrus: \xf0\x9f\x90\xb4\xf0\x9f\x90\xb4\xf0\x9f\x90\xb4 http://t.co/inIClxjLrQ'
851831989414109185,2017-04-11 16:19:07,b'RT @MileyCyrus: Happppy Halloween Eve \xf0\x9f\x91\xbb\xf0\x9f\x91\xbb\xf0\x9f\x91\xbb http://t.co/oYv3ASFOV2'
851831979167363072,2017-04-11 16:19:04,b'RT @MileyCyrus: Wigzzzzzz http://t.co/gr45d1vrSd'
851831969713410048,2017-04-11 16:19:02,b'RT @MileyCyrus: Wigzzzzzz part 2 \xf0\x9f\x98\x88\xf0\x9f\x98\x88\xf0\x9f\x98\x88 http://t.co/6RlOe0rHLj'
851831944707006464,2017-04-11 16:18:56,b'RT @MileyCyrus: #halloween http://t.co/A1ruLhNF0W'
851831934682624001,2017-04-11 16:18:54,"b""RT @MileyCyrus: @Cosmopolitan something's never change #scrunchielife http://t.co/NMXPeTXkz7"""
851831924125569027,2017-04-11 16:18:51,b'RT @Cosmopolitan: @MileyCyrus This is obviously the photo we will use on your NEXT Cosmo cover.'
851831904466874368,2017-04-11 16:18:46,"b""RT @MileyCyrus: &amp;&amp;&amp; if that don't tickle your pickle http://t.co/GQ77LrhNIh"""
851831895839166464,2017-04-11 16:18:44,b'RT @MileyCyrus: #Drinkinouttavasesamirightttt #celebrate #Bangerztour2014 http://t.co/vujPEsoRHc'
851831885886095360,2017-04-11 16:18:42,b'RT @MileyCyrus: \xf0\x9f\x8d\xb4\xf0\x9f\x8d\xb4\xf0\x9f\x8d\xb4\xf0\x9f\x8d\xb4 http://t.co/fEhBq9y6si'
